e2_to_e1,calc_B,calc_C,calc_D,calc_E,calc_F
-2.0,111.5476325323737,82.18899836960568,77.34280864344306,0.0,0.0
-1.984924623115578,111.5476325323737,82.52082259499008,77.73342555108142,0.622016250716013,0.5859303433498586
-1.9698492462311559,111.5476325323737,82.85549885747257,78.12798757193472,1.2490778722231914,1.1778088578683505
-1.9547738693467336,111.5476325323737,83.19305674225915,78.52653328100169,1.8812500268350159,1.7757256269573405
-1.9396984924623115,111.5476325323737,83.53352596376801,78.92910070887866,2.5185987727769223,2.379771880669696
-1.9246231155778895,111.5476325323737,83.87693635167426,79.3357272591582,3.1611910685304383,2.9900399720788315
-1.9095477386934676,111.5476325323737,84.22331783588302,79.74644962001186,3.809094776497212,3.606623349648773
-1.8944723618090453,111.5476325323737,84.57270043037028,80.16130366961691,4.462378665924056,4.229616525281288
-1.8793969849246233,111.5476325323737,84.92511421582671,80.58032437506895,5.121112415024726,4.859115037692596
-1.864321608040201,111.5476325323737,85.2805893210372,81.00354568440675,5.785366612231163,5.49521541075121
-1.849246231155779,111.5476325323737,85.63915590292474,81.43100041135902,6.455212756501872,6.1380151063838495
-1.8341708542713568,111.5476325323737,86.00084412518406,81.86272011240446,7.130723256610725,6.787612471631514
-1.8190954773869348,111.5476325323737,86.36568413542686,82.29873495572141,7.811971429335087,7.444106679411986
-1.8040201005025125,111.5476325323737,86.73370604075642,82.73907358158407,8.499031496456023,8.10759766251704
-1.7889447236180904,111.5476325323737,87.10493988168503,83.1837629537471,9.191978580479326,8.77818604034517
-1.7738693467336686,111.5476325323737,87.4794156043046,83.63282820134297,9.89088869897915,9.45597303784028
-1.7587939698492463,111.5476325323737,87.85716303061491,84.08629245079965,10.595838757461099,10.141060396076336
-1.7437185929648242,111.5476325323737,88.23821182691071,84.54417664727211,11.306906540634285,10.833550273896666
-1.728643216080402,111.5476325323737,88.62259147012408,85.00649936506504,12.024170701976628,11.533545139983708
-1.7135678391959799,111.5476325323737,89.01033121201247,85.47327660651109,12.747710751469121,12.241147654701344
-1.6984924623115578,111.5476325323737,89.40146004107996,85.94452158875752,13.477607041368842,12.956460541018712
-1.6834170854271358,111.5476325323737,89.79600664211175,86.42024451790226,14.213940749882015,13.679586443788539
-1.6683417085427135,111.5476325323737,90.1939993531987,86.90045234991418,14.956793862590748,14.410627776618933
-1.6532663316582914,111.5476325323737,90.59546612012193,87.38514853776452,15.706249151478419,15.14968655554209
-1.6381909547738691,111.5476325323737,91.0004344479625,87.87433276419618,16.462390151390203,15.896864218648568
-1.6231155778894473,111.5476325323737,91.40893134979522,88.36800065955632,17.225301133755387,16.652261430820907
-1.6080402010050252,111.5476325323737,91.82098329232035,88.86614350412466,17.99506707738942,17.415977872667643
-1.5929648241206031,111.5476325323737,92.23661613827996,89.36874791437903,18.77177363618259,18.188112012725377
-1.5778894472361809,111.5476325323737,92.65585508550083,89.87579551265488,19.55550710347255,18.968760861967368
-1.5628140703517588,111.5476325323737,93.07872460239903,90.38726257967866,20.34635437288622,19.758019709628254
-1.5477386934673367,111.5476325323737,93.50524835977504,90.90311968948241,21.144402895426524,20.555981839330194
-1.5326633165829147,111.5476325323737,93.93544915872242,91.42333132624537,21.949740632565803,21.362738224474423
-1.5175879396984926,111.5476325323737,94.36934885446675,91.94785548265429,22.762456005097498,22.178377201846253
-1.5025125628140703,111.5476325323737,94.80696827594538,92.47664323943074,23.58263783748392,23.00298412237097
-1.4874371859296482,111.5476325323737,95.24832714093222,93.00963832574237,24.410375297424835,23.83664097795407
-1.4723618090452262,111.5476325323737,95.69344396650612,93.54677666029554,25.245757830359654,24.67942600334431
-1.457286432160804,111.5476325323737,96.14233597465542,94.08798587300197,26.08887508859996,25.53141325197038
-1.442211055276382,111.5476325323737,96.59501899280585,94.63318480722288,26.939816854777508,26.392672144727978
-1.42713567839196,111.5476325323737,97.05150734905308,95.1822830027216,27.7986729592765,27.263266990729296
-1.4120603015075377,111.5476325323737,97.51181376187726,95.73518015960194,28.66553319130563,28.143256479078968
-1.3969849246231156,111.5476325323737,97.9759492241113,96.29176558367617,29.540487203249647,29.032693140806877
-1.3819095477386933,111.5476325323737,98.44392288093128,96.85191761389487,30.423624407926003,29.93162278017354
-1.3668341708542715,111.5476325323737,98.91574190163396,97.41550303268245,31.315033868356476,30.84008387466831
-1.3517587939698492,111.5476325323737,99.39141134496367,97.9823764602593,32.21480417964903,31.758106943149365
-1.3366834170854272,111.5476325323737,99.87093401774854,98.55237973429479,33.12302334256988,32.68571388172591
-1.3216080402010053,111.5476325323737,100.3543103266063,99.1253412765264,34.03977862837148,33.62291726716347
-1.3065326633165828,111.5476325323737,100.84153812247918,99.70107544830209,34.96515643442747,34.569719627803245
-1.291457286432161,111.5476325323737,101.3326125377596,100.27938189735215,35.89924213021131,35.52611268222777
-1.2763819095477387,111.5476325323737,101.82752581577115,100.86004489848058,36.84211989314332,36.49207654618393
-1.2613065326633166,111.5476325323737,102.32626713237428,101.44283269127844,37.79387253381663,37.46757890858776
-1.2462311557788945,111.5476325323737,102.82882240947248,102.02749681840736,38.7545813101027,38.45257417779172
-1.2311557788944723,111.5476325323737,103.33517412020382,102.61377146847639,39.724325729626095,39.44700259969067
-1.2160804020100504,111.5476325323737,103.84530108561299,103.20137282804157,40.7031833400895,40.45078934968463
-1.2010050251256281,111.5476325323737,104.3591782626132,103.78999844779042,41.691229506923364,41.463843601001706
-1.185929648241206,111.5476325323737,104.87677652306382,104.37932662853099,42.688537177729486,42.486057572417145
-1.170854271356784,111.5476325323737,105.39806242380835,104.96901583318501,43.69517663298587,43.517305558983736
-1.1557788944723617,111.5476325323737,105.92299796754187,105.5587041315774,44.71121522247999,44.55744295001257
-1.1407035175879399,111.5476325323737,106.45154035440237,106.14800868542049,45.73671708694172,45.60630523921333
-1.1256281407035176,111.5476325323737,106.98364172421331,106.73652528149589,46.771742864354565,46.663707032613786
-1.1105527638190955,111.5476325323737,107.51924888933868,107.32382792163604,47.816349380434545,47.72944106062708
-1.0954773869346734,111.5476325323737,108.05830305815385,107.90946847868837,48.870589322783154,48.80327720141685
-1.0804020100502512,111.5476325323737,108.6007395491808,108.49297642819405,49.934510898241435,49.88496152351637
-1.0653266331658293,111.5476325323737,109.14648749598821,109.07385866601923,51.0081574729995,50.97421535648134
-1.050251256281407,111.5476325323737,109.69546954301526,109.65159942262069,52.09156719504997,52.0707343991842
-1.035175879396985,111.5476325323737,110.24760153254215,110.22566028499328,53.184772598613286,53.17418787617766
-1.020100502512563,111.5476325323737,110.80279218310243,110.79548033761704,54.287800190213495,54.28421775335507
-1.0050251256281406,111.5476325323737,111.36094275971173,111.36047643386948,55.400670016137994,55.400438024889844
-0.9899497487437185,111.5476325323737,111.92194673637471,111.92004360938401,56.52339521108372,56.52243408413615
-0.9748743718592965,111.5476325323737,112.48568945142681,112.4735556486813,57.655981527867006,57.64976219178639
-0.9597989949748744,111.5476325323737,113.05204775637394,113.02036581606863,58.798426848164326,58.781949055090976
-0.9447236180904524,111.5476325323737,113.62088965900426,113.55980776126117,59.95072067434897,59.91849153232373
-0.9296482412060302,111.5476325323737,114.19207396167157,114.09119660941123,61.11284360260313,61.05885647689595
-0.914572864321608,111.5476325323737,114.76544989578042,114.61383024421819,62.28476677760948,62.202480735555596
-0.8994974874371858,111.5476325323737,115.34085675364757,115.12699079151614,63.46645132926839,63.348771314929735
-0.8844221105527639,111.5476325323737,115.91812351906482,115.62994630918325,64.65784779204118,64.49710573024795
-0.8693467336683418,111.5476325323737,116.49706849805237,116.1219526873848,65.85889550769292,65.64683254940095
-0.8542713567839197,111.5476325323737,117.0774989514621,116.60225576104068,67.06952201239535,66.79727214451576
-0.8391959798994975,111.5476325323737,117.65921073127298,117.0700936340109,68.28964240935693,67.94771766195106
-0.8241206030150754,111.5476325323737,118.24198792260981,117.52469921182563,69.51915872836858,69.09743622001807
-0.8090452261306534,111.5476325323737,118.82560249371595,117.96530293687616,70.75795927389618,70.24567034180816
-0.7939698492462313,111.5476325323737,119.40981395631475,118.3911357168569,72.00591796360689,71.3916396282554
-0.7788944723618092,111.5476325323737,119.99436903900815,118.80143203395133,73.26289365949492,72.53454267399542
-0.7638190954773869,111.5476325323737,120.57900137657509,119.19543321883347,74.528729494064,73.67355922571113
-0.7487437185929648,111.5476325323737,121.1634312182527,119.5723908700741,75.80325219433396,74.80785257951871
-0.7336683417085428,111.5476325323737,121.7473651583029,119.93157039606912,77.08627140676464,75.93657221057641
-0.7185929648241207,111.5476325323737,122.33049589238493,120.27225465321791,78.37757902652802,77.05885662454916
-0.7035175879396985,111.5476325323737,122.9125020034678,120.59374765086434,79.67694853491129,78.17383641689196
-0.6884422110552764,111.5476325323737,123.49304778122271,120.89537829055502,80.9841343489928,79.28063752219815
-0.6733668341708542,111.5476325323737,124.07178307903088,121.17650410455958,82.29887118810089,80.37838463217018
-0.6582914572864322,111.5476325323737,124.64834321291902,121.4365149564288,83.6208734619331,81.46620475720223
-0.6432160804020102,111.5476325323737,125.2223489068967,121.67483666471696,84.94983468558318,82.54323090319996
-0.6281407035175881,111.5476325323737,125.79340628930275,121.8909345099489,86.28542692708453,83.60860583220112
-0.6130653266331658,111.5476325323737,126.36110694487294,122.08431658452903,87.6273002934295,84.66148587268847
-0.5979899497487438,111.5476325323737,126.92502802731227,122.25453694562592,88.9750824613571,85.70104474329052
-0.5829145728643217,111.5476325323737,127.48473243718105,122.40119853215334,90.32837825951019,86.72647735192774
-0.5678391959798996,111.5476325323737,128.03976906988825,122.52395580882293,91.68676930883956,87.73700353144356
-0.5527638190954773,111.5476325323737,128.58967313851159,122.6225171028556,93.04981372837018,88.73187167241812
-0.5376884422110553,111.5476325323737,129.13396657603477,122.69664660228312,94.41704591363344,89.71036221423212
-0.5226130653266332,111.5476325323737,129.67215852139412,122.74616598879238,95.78797639520069,90.67179095654511
-0.5075376884422111,111.5476325323737,130.20374589346224,122.77095568268838,97.1620917848198,91.61551215517198
-0.4924623115577891,111.5476325323737,130.72821405675012,122.77095568268838,98.53885481664581,92.54092136886058
-0.4773869346733668,111.5476325323737,131.24503758218762,122.74616598879238,99.91770449096194,93.44745802664345
-0.4623115577889447,111.5476325323737,131.7536811058307,122.69664660228312,101.2980563275985,94.33460768919255
-0.44723618090452266,111.5476325323737,132.25360028774926,122.6225171028556,102.67930273596613,95.20190398186527
-0.43216080402010054,111.5476325323737,132.74424287266172,122.52395580882296,104.06081350821722,96.04893018179085
-0.41708542713567853,111.5476325323737,133.22504985310772,122.40119853215334,105.44193644152998,96.87532044630225
-0.4020100502512562,111.5476325323737,133.6954567350874,122.25453694562592,106.82199809486882,97.68076067514835
-0.3869346733668342,111.5476325323737,134.15489490514622,122.08431658452903,108.20030468480387,98.46498900410508
-0.37185929648241217,111.5476325323737,134.6027930968586,121.8909345099489,109.57614312407584,99.22779593272222
-0.35678391959799005,111.5476325323737,135.03857895356327,121.67483666471696,110.9487822055658,99.9690240938755
-0.341708542713568,111.5476325323737,135.46168068304385,121.4365149564288,112.31747393317707,100.68856767744096
-0.3266331658291457,111.5476325323737,135.87152879863595,121.17650410455958,113.68145499986373,101.38637152466922
-0.31155778894472363,111.5476325323737,136.267557939999,120.89537829055502,115.03994841165745,102.06242991363439
-0.29648241206030157,111.5476325323737,136.64920876552668,120.59374765086439,116.39216525505915,102.71678505940459
-0.2814070351758795,111.5476325323737,137.01592990710668,120.27225465321791,117.73730660359418,103.34952535527769
-0.26633165829145744,111.5476325323737,137.36717997670152,119.93157039606913,119.0745655576935,103.96078338352726
-0.25125628140703515,111.5476325323737,137.70242961302537,119.5723908700741,120.40312941038398,104.55073372559242
-0.2361809045226131,111.5476325323737,138.0211635554637,119.19543321883344,121.7221819295672,105.11959060253903
-0.22110552763819102,111.5476325323737,138.32288273134736,118.80143203395134,123.03090574597228,105.6676053769316
-0.20603015075376896,111.5476325323737,138.60710634177462,118.39113571685691,124.32848483420484,106.19506394702992
-0.1909547738693469,111.5476325323737,138.87337393039638,117.96530293687617,125.61410707272033,106.70228406350608
-0.1758793969849246,111.5476325323737,139.12124741896918,117.52469921182563,126.8869668670498,107.18961259772037
-0.16080402010050254,111.5476325323737,139.35031309305072,117.0700936340109,128.1462678192376,107.65742278906531
-0.14572864321608048,111.5476325323737,139.56018352099056,116.60225576104071,129.39122542524,108.10611149704528
-0.1306532663316584,111.5476325323737,139.7504993893653,116.12195268738485,130.6210697810148,108.53609648167627
-0.11557788944723635,111.5476325323737,139.92093123823355,115.62994630918325,131.8350482772301,108.94781373352693
-0.10050251256281405,111.5476325323737,140.0711810800545,115.12699079151614,133.0324282619613,109.34171487234447
-0.085427135678392,111.5476325323737,140.2009838868186,114.61383024421819,134.21249965044697,109.71826463077169
-0.07035175879396993,111.5476325323737,140.31010893088754,114.09119660941123,135.37457746095683,110.07793843722088
-0.055276381909547874,111.5476325323737,140.3983609662141,113.5598077612612,136.5180042560926,110.42122010956803
-0.0402010050251258,111.5476325323737,140.46558123800935,113.02036581606863,137.64215246940614,110.74859966901198
-0.025125628140703512,111.5476325323737,140.51164831051398,112.4735556486813,138.74642659807031,111.06057128123554
-0.01005025125628145,111.5476325323737,140.5364787042999,111.92004360938401,139.83026524347426,111.35763132993986
0.005025125628140614,111.5476325323737,140.54002733644302,111.36047643386948,140.893142983017,111.64027662591438
0.0201005025125629,111.5476325323737,140.52228775893755,110.79548033761704,141.93457205802235,111.90900275307047
0.035175879396984744,111.5476325323737,140.48329219283553,110.22566028499335,142.95410386456882,112.16430255131233
0.050251256281407024,111.5476325323737,140.4231113577504,109.65159942262069,143.9513302360858,112.40666473474684
0.06532663316582887,111.5476325323737,140.34185409852543,109.07385866601925,144.92588450877875,112.63657264254749
0.08040201005025116,111.5476325323737,140.23966681300033,108.49297642819405,145.87744236327168,112.85450311877473
0.09547738693467345,111.5476325323737,140.11673268686886,107.90946847868837,146.80572243825202,113.06092551661571
0.11055276381909529,111.5476325323737,139.97327074357824,107.32382792163604,147.71048671432877,113.25630082182695
0.12562814070351758,111.5476325323737,139.80953471904243,106.73652528149589,148.59154066873103,113.44108088963004
0.14070351758793942,111.5476325323737,139.62581177259247,106.1480086854205,149.4487332038301,113.6157077889174
0.1557788944723617,111.5476325323737,139.42242104705113,105.5587041315774,150.28195635473602,113.78061324735351
0.170854271356784,111.5476325323737,139.199712092069,104.96901583318501,151.0911447833513,113.93621819079378
0.18592964824120584,111.5476325323737,138.95806316588278,104.37932662853099,151.87627506823873,114.08293237037935
0.2010050251256281,111.5476325323737,138.69787943144476,103.78999844779042,152.63736480143922,114.22115407068392
0.21608040201004997,111.5476325323737,138.41959106341776,103.2013728280416,153.37447150494276,114.35126989237774
0.23115577889447225,111.5476325323737,138.12365128283784,102.61377146847641,154.08769138085424,114.47365460302393
0.24623115577889454,111.5476325323737,137.81053433631806,102.02749681840736,154.77715791038736,114.58867104981931
0.2613065326633164,111.5476325323737,137.48073343651575,101.44283269127844,155.44304031766853,114.6966701283299
0.27638190954773867,111.5476325323737,137.134758680224,100.86004489848058,156.08554191492829,114.79799080153693
0.2914572864321605,111.5476325323737,136.77313495989495,100.27938189735215,156.70489834601028,114.89296016380045
0.3065326633165828,111.5476325323737,136.3963998836777,99.70107544830209,157.3013757452464,114.98189354464989
0.3216080402010051,111.5476325323737,136.00510171817874,99.1253412765264,157.87526882863966,115.06509464762611
0.33668341708542693,111.5476325323737,135.59979736715616,98.55237973429479,158.42689893398898,115.14285571971625
0.3517587939698492,111.5476325323737,135.18105039825565,97.9823764602593,158.95661202608957,115.2154577472396
0.36683417085427106,111.5476325323737,134.7494291287233,97.41550303268245,159.46477668248409,115.28317067435535
0.38190954773869334,111.5476325323737,134.30550477979983,96.85191761389487,159.95178207443502,115.34625364066876
0.39698492462311563,111.5476325323737,133.84984970824505,96.29176558367617,160.41803595686656,115.40495523470736
0.41206030150753753,111.5476325323737,133.38303572217413,95.73518015960194,160.86396268000902,115.45951376032393
0.42713567839195976,111.5476325323737,132.90563248713684,95.1822830027216,161.29000123438968,115.5101575133531
0.44221105527638155,111.5476325323737,132.41820602714387,94.6331848072229,161.69660333967818,115.55710506610635
0.4572864321608039,111.5476325323737,131.92131732416877,94.08798587300197,162.08423158673,115.60056555753256
0.4723618090452262,111.5476325323737,131.41552101853125,93.54677666029554,162.45335764099843,115.64073898709901
0.487437185929648,111.5476325323737,130.90136421151527,93.00963832574237,162.8044605143218,115.67781651065947
0.5025125628140703,111.5476325323737,130.37938537060282,92.47664323943074,163.1380249109553,115.71198073677513
0.5175879396984921,111.5476325323737,129.85011333680757,91.94785548265429,163.4545396526145,115.74340602213519
0.5326633165829144,111.5476325323737,129.31406643279263,91.42333132624537,163.75449618624995,115.77225876489365
0.5477386934673367,111.5476325323737,128.77175166973691,90.90311968948241,164.03838717727794,115.79869769489342
0.5628140703517586,111.5476325323737,128.22366405028976,90.38726257967866,164.30670519006975,115.82287415988975
0.5778894472361809,111.5476325323737,127.67028596441574,89.87579551265489,164.5599414566464,115.84493240701498
0.5929648241206027,111.5476325323737,127.11208667447879,89.36874791437903,164.79858473374634,115.86500985884314
0.608040201005025,111.5476325323737,126.54952188554488,88.86614350412466,165.02312024773315,115.88323738351934
0.6231155778894473,111.5476325323737,125.98303339659121,88.36800065955632,165.23402872618246,115.89973955851355
0.6381909547738691,111.5476325323737,125.41304882809028,87.87433276419618,165.4317855144407,115.91463492764572
0.6532663316582914,111.5476325323737,124.83998142128411,87.38514853776452,165.61685977496984,115.9280362511047
0.6683417085427132,111.5476325323737,124.26422990437592,86.90045234991418,165.7897137668935,115.9400507482523
0.6834170854271356,111.5476325323737,123.68617842082772,86.42024451790226,165.95080220281912,115.95078033306484
0.6984924623115578,111.5476325323737,123.10619651496783,85.94452158875752,166.100571679743,115.96032184211757
0.7135678391959797,111.5476325323737,122.52463917016848,85.47327660651109,166.2394601806306,115.96876725506532
0.728643216080402,111.5476325323737,121.94184689494725,85.00649936506504,166.3678966431064,115.97620390761385
0.7437185929648238,111.5476325323737,121.35814585247084,84.54417664727212,166.48630059158054,115.9827146970115
0.7587939698492461,111.5476325323737,120.77384802909302,84.08629245079966,166.59508182907553,115.98837828012313
0.7738693467336684,111.5476325323737,120.18925143772957,83.63282820134297,166.69464018499175,115.99326926417417
0.7889447236180902,111.5476325323737,119.60464035206458,83.1837629537471,166.7853653150649,115.99745839027548
0.8040201005025124,111.5476325323737,119.0202855677836,82.73907358158407,166.86763654980717,116.00101270985905
0.8190954773869343,111.5476325323737,118.43644468724192,82.29873495572143,166.94182278779576,116.00399575417015
0.8341708542713566,111.5476325323737,117.85336242419164,81.86272011240446,167.0082824302615,116.00646769697516
0.8492462311557789,111.5476325323737,117.27127092541251,81.43100041135901,167.06736335353992,116.00848551065467
0.8643216080402008,111.5476325323737,116.69039010630914,81.00354568440677,167.11940291607084,116.01010311585894
0.879396984924623,111.5476325323737,116.11092799775656,80.58032437506895,167.16472799677013,116.01137152491081
0.8944723618090453,111.5476325323737,115.53308110168788,80.16130366961691,167.20365506173925,116.01233897914408
0.9095477386934673,111.5476325323737,114.95703475312646,79.74644962001186,167.2364902564327,116.01305108036901
0.9246231155778895,111.5476325323737,114.38296348656577,79.3357272591582,167.26352952055598,116.01355091665849
0.9396984924623113,111.5476325323737,113.81103140479264,78.92910070887868,167.28505872312488,116.01387918264831
0.9547738693467336,111.5476325323737,113.24139254843452,78.52653328100168,167.3013538152751,116.0140742945452
0.969849246231156,111.5476325323737,112.67419126468619,78.12798757193472,167.3126809985667,116.01417250003372
0.9849246231155777,111.5476325323737,112.10956257383678,77.73342555108142,167.31929690668102,116.01420798327226
1.0,111.5476325323737,111.54763253237385,77.34280864344306,167.3214487985608,116.01421296516459
